5.717304857214851044e-01,0.000000000000000000e+00,1.922463782252925668e+01,-5.942637555524933612e-02,0.000000000000000000e+00,-9.982326912540808728e-01
1.073354953688463453e+00,0.000000000000000000e+00,1.919477532225023353e+01,-5.942637555524933612e-02,0.000000000000000000e+00,-9.982326912540808728e-01
1.574979421655384959e+00,0.000000000000000000e+00,1.916491282197121038e+01,-5.942637555524933612e-02,0.000000000000000000e+00,-9.982326912540808728e-01
2.076603889622306465e+00,0.000000000000000000e+00,1.913505032169219078e+01,-5.942637555524933612e-02,0.000000000000000000e+00,-9.982326912540808728e-01
2.578228357589114061e+00,0.000000000000000000e+00,1.910518782141316407e+01,-5.942637555524933612e-02,0.000000000000000000e+00,-9.982326912540808728e-01
3.079852825556092633e+00,0.000000000000000000e+00,1.907532532113414803e+01,-5.942637555524933612e-02,0.000000000000000000e+00,-9.982326912540808728e-01
3.581477293522900673e+00,0.000000000000000000e+00,1.904546282085513553e+01,-5.942637555524933612e-02,0.000000000000000000e+00,-9.982326912540808728e-01
4.083101761490105730e+00,0.000000000000000000e+00,1.901560032057610528e+01,-5.942637555524933612e-02,0.000000000000000000e+00,-9.982326912540808728e-01
4.584726229456800084e+00,0.000000000000000000e+00,1.898573782029708568e+01,-5.942637555524933612e-02,0.000000000000000000e+00,-9.982326912540808728e-01
5.086350697423608125e+00,0.000000000000000000e+00,1.895587532001806608e+01,-5.942637555524933612e-02,0.000000000000000000e+00,-9.982326912540808728e-01
5.587975165390529853e+00,0.000000000000000000e+00,1.892601281973905003e+01,-5.942637555524933612e-02,0.000000000000000000e+00,-9.982326912540808728e-01
6.089599633357337005e+00,0.000000000000000000e+00,1.889615031946003043e+01,-5.942637555524933612e-02,0.000000000000000000e+00,-9.982326912540808728e-01
6.591224101324201889e+00,0.000000000000000000e+00,1.886628781918100728e+01,-5.942637555524933612e-02,0.000000000000000000e+00,-9.982326912540808728e-01
7.092848569290896243e+00,0.000000000000000000e+00,1.883642531890200189e+01,-5.942637555524933612e-02,0.000000000000000000e+00,-9.982326912540808728e-01
7.594473037257874815e+00,0.000000000000000000e+00,1.880656281862297163e+01,-5.942637555524933612e-02,0.000000000000000000e+00,-9.982326912540808728e-01
8.096097505224852497e+00,0.000000000000000000e+00,1.877670031834394848e+01,-5.942637555524933612e-02,0.000000000000000000e+00,-9.982326912540808728e-01
8.597721973191660538e+00,0.000000000000000000e+00,1.874683781806492888e+01,-5.942637555524933612e-02,0.000000000000000000e+00,-9.982326912540808728e-01
9.099346441158468579e+00,0.000000000000000000e+00,1.871697531778591284e+01,-5.942637555524933612e-02,0.000000000000000000e+00,-9.982326912540808728e-01
9.600970909125390307e+00,0.000000000000000000e+00,1.868711281750689324e+01,-5.942637555524933612e-02,0.000000000000000000e+00,-9.982326912540808728e-01
1.010259537709225519e+01,0.000000000000000000e+00,1.865725031722787008e+01,-5.942637555524933612e-02,0.000000000000000000e+00,-9.982326912540808728e-01
1.060421984505934745e+01,0.000000000000000000e+00,1.862738781694884338e+01,-5.942637555524933612e-02,0.000000000000000000e+00,-9.982326912540808728e-01
1.110584431302598318e+01,0.000000000000000000e+00,1.859752531666983089e+01,-5.942637555524933612e-02,0.000000000000000000e+00,-9.982326912540808728e-01
1.160746878099296175e+01,0.000000000000000000e+00,1.856766281639081129e+01,-5.942637555524933612e-02,0.000000000000000000e+00,-9.982326912540808728e-01
1.210909324895982664e+01,0.000000000000000000e+00,1.853780031611179169e+01,-5.942637555524933612e-02,0.000000000000000000e+00,-9.982326912540808728e-01
1.261071771692657784e+01,0.000000000000000000e+00,1.850793781583277209e+01,-5.942637555524933612e-02,0.000000000000000000e+00,-9.982326912540808728e-01
1.311234218489338588e+01,0.000000000000000000e+00,1.847807531555375604e+01,-5.942637555524933612e-02,0.000000000000000000e+00,-9.982326912540808728e-01
1.361396665286047813e+01,0.000000000000000000e+00,1.844821281527472934e+01,-5.942637555524933612e-02,0.000000000000000000e+00,-9.982326912540808728e-01
1.411559112082734302e+01,0.000000000000000000e+00,1.841835031499570974e+01,-5.942637555524933612e-02,0.000000000000000000e+00,-9.982326912540808728e-01
1.461721558879420790e+01,0.000000000000000000e+00,1.838848781471670080e+01,-5.942637555524933612e-02,0.000000000000000000e+00,-9.982326912540808728e-01
1.511884005676101417e+01,0.000000000000000000e+00,1.835862531443767054e+01,-5.942637555524933612e-02,0.000000000000000000e+00,-9.982326912540808728e-01
1.562046452472787905e+01,0.000000000000000000e+00,1.832876281415865449e+01,-5.942637555524933612e-02,0.000000000000000000e+00,-9.982326912540808728e-01
1.612208899269485940e+01,0.000000000000000000e+00,1.829890031387963134e+01,-5.942637555524933612e-02,0.000000000000000000e+00,-9.982326912540808728e-01
1.662371346066172251e+01,0.000000000000000000e+00,1.826903781360061529e+01,-5.942637555524933612e-02,0.000000000000000000e+00,-9.982326912540808728e-01
1.712533792862852877e+01,0.000000000000000000e+00,1.823917531332159214e+01,-5.942637555524933612e-02,0.000000000000000000e+00,-9.982326912540808728e-01
1.762696239659528175e+01,0.000000000000000000e+00,1.820931281304257965e+01,-5.942637555524933612e-02,0.000000000000000000e+00,-9.982326912540808728e-01
1.812858686456231538e+01,0.000000000000000000e+00,1.817945031276355294e+01,-5.942637555524933612e-02,0.000000000000000000e+00,-9.982326912540808728e-01
1.863021133252929573e+01,0.000000000000000000e+00,1.814958781248453334e+01,-5.942637555524933612e-02,0.000000000000000000e+00,-9.982326912540808728e-01
1.913183580049604515e+01,0.000000000000000000e+00,1.811972531220551375e+01,-5.942637555524933612e-02,0.000000000000000000e+00,-9.982326912540808728e-01
1.963346026846296866e+01,0.000000000000000000e+00,1.808986281192649415e+01,-5.942637555524933612e-02,0.000000000000000000e+00,-9.982326912540808728e-01
2.013508473642983176e+01,0.000000000000000000e+00,1.806000031164747810e+01,-5.942637555524933612e-02,0.000000000000000000e+00,-9.982326912540808728e-01
2.063670920439664158e+01,0.000000000000000000e+00,1.803013781136845850e+01,-5.942637555524933612e-02,0.000000000000000000e+00,-9.982326912540808728e-01
2.113833367236344785e+01,0.000000000000000000e+00,1.800027531108943890e+01,-5.942637555524933612e-02,0.000000000000000000e+00,-9.982326912540808728e-01
2.163995814033042464e+01,0.000000000000000000e+00,1.797041281081041930e+01,-5.942637555524933612e-02,0.000000000000000000e+00,-9.982326912540808728e-01
2.214158260829723446e+01,0.000000000000000000e+00,1.794055031053139970e+01,-5.942637555524933612e-02,0.000000000000000000e+00,-9.982326912540808728e-01
2.264320707626432494e+01,0.000000000000000000e+00,1.791068781025237300e+01,-5.942637555524933612e-02,0.000000000000000000e+00,-9.982326912540808728e-01
2.314483154423107791e+01,0.000000000000000000e+00,1.788082530997335340e+01,-5.942637555524933612e-02,0.000000000000000000e+00,-9.982326912540808728e-01
2.364645601219777049e+01,0.000000000000000000e+00,1.785096280969434090e+01,-5.942637555524933612e-02,0.000000000000000000e+00,-9.982326912540808728e-01
2.414808048016475084e+01,0.000000000000000000e+00,1.782110030941531775e+01,-5.942637555524933612e-02,0.000000000000000000e+00,-9.982326912540808728e-01
2.464970494813189816e+01,0.000000000000000000e+00,1.779123780913628750e+01,-5.942637555524933612e-02,0.000000000000000000e+00,-9.982326912540808728e-01
2.515132941609853390e+01,0.000000000000000000e+00,1.776137530885727500e+01,-5.942637555524933612e-02,0.000000000000000000e+00,-9.982326912540808728e-01
2.565295388406540056e+01,0.000000000000000000e+00,1.773151280857825896e+01,-5.942637555524933612e-02,0.000000000000000000e+00,-9.982326912540808728e-01
2.615457835203237735e+01,0.000000000000000000e+00,1.770165030829923580e+01,-5.942637555524933612e-02,0.000000000000000000e+00,-9.982326912540808728e-01
2.665620281999924401e+01,0.000000000000000000e+00,1.767178780802021976e+01,-5.942637555524933612e-02,0.000000000000000000e+00,-9.982326912540808728e-01
2.715782728796587975e+01,0.000000000000000000e+00,1.764192530774120371e+01,-5.942637555524933612e-02,0.000000000000000000e+00,-9.982326912540808728e-01
2.765945175593280325e+01,0.000000000000000000e+00,1.761206280746218411e+01,-5.942637555524933612e-02,0.000000000000000000e+00,-9.982326912540808728e-01
2.816107622389978005e+01,0.000000000000000000e+00,1.758220030718315741e+01,-5.942637555524933612e-02,0.000000000000000000e+00,-9.982326912540808728e-01
2.866270069186664671e+01,0.000000000000000000e+00,1.755233780690414136e+01,-5.942637555524933612e-02,0.000000000000000000e+00,-9.982326912540808728e-01
2.916432515983356666e+01,0.000000000000000000e+00,1.752247530662512176e+01,-5.942637555524933612e-02,0.000000000000000000e+00,-9.982326912540808728e-01
2.966594962780042977e+01,0.000000000000000000e+00,1.749261280634610216e+01,-5.942637555524933612e-02,0.000000000000000000e+00,-9.982326912540808728e-01
3.016757409576735327e+01,0.000000000000000000e+00,1.746275030606708256e+01,-5.942637555524933612e-02,0.000000000000000000e+00,-9.982326912540808728e-01
3.066919856373410269e+01,0.000000000000000000e+00,1.743288780578806652e+01,-5.942637555524933612e-02,0.000000000000000000e+00,-9.982326912540808728e-01
3.117082303170108304e+01,0.000000000000000000e+00,1.740302530550903626e+01,-5.942637555524933612e-02,0.000000000000000000e+00,-9.982326912540808728e-01
3.167244749966794615e+01,0.000000000000000000e+00,1.737316280523002376e+01,-5.942637555524933612e-02,0.000000000000000000e+00,-9.982326912540808728e-01
3.217407196763486610e+01,0.000000000000000000e+00,1.734330030495100416e+01,-5.942637555524933612e-02,0.000000000000000000e+00,-9.982326912540808728e-01
3.267569643560179316e+01,0.000000000000000000e+00,1.731343780467198101e+01,-5.942637555524933612e-02,0.000000000000000000e+00,-9.982326912540808728e-01
3.317732090356859942e+01,0.000000000000000000e+00,1.728357530439296497e+01,-5.942637555524933612e-02,0.000000000000000000e+00,-9.982326912540808728e-01
3.367894537153546253e+01,0.000000000000000000e+00,1.725371280411394181e+01,-5.942637555524933612e-02,0.000000000000000000e+00,-9.982326912540808728e-01
3.418056983950232564e+01,0.000000000000000000e+00,1.722385030383491866e+01,-5.942637555524933612e-02,0.000000000000000000e+00,-9.982326912540808728e-01
3.468219430746907506e+01,0.000000000000000000e+00,1.719398780355590262e+01,-5.942637555524933612e-02,0.000000000000000000e+00,-9.982326912540808728e-01
3.518381877543617264e+01,0.000000000000000000e+00,1.716412530327687946e+01,-5.942637555524933612e-02,0.000000000000000000e+00,-9.982326912540808728e-01
3.568544324340292206e+01,0.000000000000000000e+00,1.713426280299786697e+01,-5.942637555524933612e-02,0.000000000000000000e+00,-9.982326912540808728e-01
3.618706771136984202e+01,0.000000000000000000e+00,1.710440030271884382e+01,-5.942637555524933612e-02,0.000000000000000000e+00,-9.982326912540808728e-01
3.668869217933664828e+01,0.000000000000000000e+00,1.707453780243982422e+01,-5.942637555524933612e-02,0.000000000000000000e+00,-9.982326912540808728e-01
3.719031664730362507e+01,0.000000000000000000e+00,1.704467530216080462e+01,-5.942637555524933612e-02,0.000000000000000000e+00,-9.982326912540808728e-01
3.769194111527043844e+01,0.000000000000000000e+00,1.701481280188178857e+01,-5.942637555524933612e-02,0.000000000000000000e+00,-9.982326912540808728e-01
3.819356558323730155e+01,0.000000000000000000e+00,1.698495030160276187e+01,-5.942637555524933612e-02,0.000000000000000000e+00,-9.982326912540808728e-01
3.869519005120410782e+01,0.000000000000000000e+00,1.695508780132374227e+01,-5.942637555524933612e-02,0.000000000000000000e+00,-9.982326912540808728e-01
3.919681451917097093e+01,0.000000000000000000e+00,1.692522530104472978e+01,-5.942637555524933612e-02,0.000000000000000000e+00,-9.982326912540808728e-01
3.969843898713789798e+01,0.000000000000000000e+00,1.689536280076570662e+01,-5.942637555524933612e-02,0.000000000000000000e+00,-9.982326912540808728e-01
4.020006345510464740e+01,0.000000000000000000e+00,1.686550030048669058e+01,-5.942637555524933612e-02,0.000000000000000000e+00,-9.982326912540808728e-01
4.070168792307162420e+01,0.000000000000000000e+00,1.683563780020766742e+01,-5.942637555524933612e-02,0.000000000000000000e+00,-9.982326912540808728e-01
4.120331239103848731e+01,0.000000000000000000e+00,1.680577529992865138e+01,-5.942637555524933612e-02,0.000000000000000000e+00,-9.982326912540808728e-01
4.170493685900546410e+01,0.000000000000000000e+00,1.677591279964962467e+01,-5.942637555524933612e-02,0.000000000000000000e+00,-9.982326912540808728e-01
4.220656132697233431e+01,0.000000000000000000e+00,1.674605029937060863e+01,-5.942637555524933612e-02,0.000000000000000000e+00,-9.982326912540808728e-01
4.270818579493919742e+01,0.000000000000000000e+00,1.671618779909158548e+01,-5.942637555524933612e-02,0.000000000000000000e+00,-9.982326912540808728e-01
4.320981026290611737e+01,0.000000000000000000e+00,1.668632529881256588e+01,-5.942637555524933612e-02,0.000000000000000000e+00,-9.982326912540808728e-01
4.371143473087280995e+01,0.000000000000000000e+00,1.665646279853355338e+01,-5.942637555524933612e-02,0.000000000000000000e+00,-9.982326912540808728e-01
4.421305919883979385e+01,0.000000000000000000e+00,1.662660029825453023e+01,-5.942637555524933612e-02,0.000000000000000000e+00,-9.982326912540808728e-01
4.471468366680677065e+01,0.000000000000000000e+00,1.659673779797550353e+01,-5.942637555524933612e-02,0.000000000000000000e+00,-9.982326912540808728e-01
4.521630813477357691e+01,0.000000000000000000e+00,1.656687529769648748e+01,-5.942637555524933612e-02,0.000000000000000000e+00,-9.982326912540808728e-01
4.571793260274038317e+01,0.000000000000000000e+00,1.653701279741746788e+01,-5.942637555524933612e-02,0.000000000000000000e+00,-9.982326912540808728e-01
4.621955707070730313e+01,0.000000000000000000e+00,1.650715029713844828e+01,-5.942637555524933612e-02,0.000000000000000000e+00,-9.982326912540808728e-01
4.672118153867411650e+01,0.000000000000000000e+00,1.647728779685942868e+01,-5.942637555524933612e-02,0.000000000000000000e+00,-9.982326912540808728e-01
4.722280600664103645e+01,0.000000000000000000e+00,1.644742529658040908e+01,-5.942637555524933612e-02,0.000000000000000000e+00,-9.982326912540808728e-01
4.772443047460789955e+01,0.000000000000000000e+00,1.641756279630139304e+01,-5.942637555524933612e-02,0.000000000000000000e+00,-9.982326912540808728e-01
4.822605494257476266e+01,0.000000000000000000e+00,1.638770029602236988e+01,-5.942637555524933612e-02,0.000000000000000000e+00,-9.982326912540808728e-01
4.872767941054156893e+01,0.000000000000000000e+00,1.635783779574335739e+01,-5.942637555524933612e-02,0.000000000000000000e+00,-9.982326912540808728e-01
4.922930387850849598e+01,0.000000000000000000e+00,1.632797529546433424e+01,-5.942637555524933612e-02,0.000000000000000000e+00,-9.982326912540808728e-01
4.973092834647535909e+01,0.000000000000000000e+00,1.629811279518531109e+01,-5.942637555524933612e-02,0.000000000000000000e+00,-9.982326912540808728e-01
5.023255281444227904e+01,0.000000000000000000e+00,1.626825029490629504e+01,-5.942637555524933612e-02,0.000000000000000000e+00,-9.982326912540808728e-01
5.073417728240914215e+01,0.000000000000000000e+00,1.623838779462726833e+01,-5.942637555524933612e-02,0.000000000000000000e+00,-9.982326912540808728e-01
5.123580175037618289e+01,0.000000000000000000e+00,1.620852529434824874e+01,-5.942637555524933612e-02,0.000000000000000000e+00,-9.982326912540808728e-01
5.173742621834287547e+01,0.000000000000000000e+00,1.617866279406923269e+01,-5.942637555524933612e-02,0.000000000000000000e+00,-9.982326912540808728e-01
5.223905068630979542e+01,0.000000000000000000e+00,1.614880029379021309e+01,-5.942637555524933612e-02,0.000000000000000000e+00,-9.982326912540808728e-01
5.274067515427671538e+01,0.000000000000000000e+00,1.611893779351119349e+01,-5.942637555524933612e-02,0.000000000000000000e+00,-9.982326912540808728e-01
5.324229962224357848e+01,0.000000000000000000e+00,1.608907529323217034e+01,-5.942637555524933612e-02,0.000000000000000000e+00,-9.982326912540808728e-01
5.374392409021061923e+01,0.000000000000000000e+00,1.605921279295314363e+01,-5.942637555524933612e-02,0.000000000000000000e+00,-9.982326912540808728e-01
5.424554855817725496e+01,0.000000000000000000e+00,1.602935029267413825e+01,-5.942637555524933612e-02,0.000000000000000000e+00,-9.982326912540808728e-01
5.474717302614400438e+01,0.000000000000000000e+00,1.599948779239511509e+01,-5.942637555524933612e-02,0.000000000000000000e+00,-9.982326912540808728e-01
5.524879749411092433e+01,0.000000000000000000e+00,1.596962529211609549e+01,-5.942637555524933612e-02,0.000000000000000000e+00,-9.982326912540808728e-01
5.575042196207796508e+01,0.000000000000000000e+00,1.593976279183707589e+01,-5.942637555524933612e-02,0.000000000000000000e+00,-9.982326912540808728e-01
5.625204643004477134e+01,0.000000000000000000e+00,1.590990029155805452e+01,-5.942637555524933612e-02,0.000000000000000000e+00,-9.982326912540808728e-01
5.675367089801174814e+01,0.000000000000000000e+00,1.588003779127903137e+01,-5.942637555524933612e-02,0.000000000000000000e+00,-9.982326912540808728e-01
5.725529536597861124e+01,0.000000000000000000e+00,1.585017529100001177e+01,-5.942637555524933612e-02,0.000000000000000000e+00,-9.982326912540808728e-01
5.775691983394536066e+01,0.000000000000000000e+00,1.582031279072099750e+01,-5.942637555524933612e-02,0.000000000000000000e+00,-9.982326912540808728e-01
5.825854430191223088e+01,0.000000000000000000e+00,1.579045029044197612e+01,-5.942637555524933612e-02,0.000000000000000000e+00,-9.982326912540808728e-01
5.876016876987937820e+01,0.000000000000000000e+00,1.576058779016294764e+01,-5.942637555524933612e-02,0.000000000000000000e+00,-9.982326912540808728e-01
5.926179323784601394e+01,0.000000000000000000e+00,1.573072528988393692e+01,-5.942637555524933612e-02,0.000000000000000000e+00,-9.982326912540808728e-01
5.976341770581299073e+01,0.000000000000000000e+00,1.570086278960491555e+01,-5.942637555524933612e-02,0.000000000000000000e+00,-9.982326912540808728e-01
6.026504217377963357e+01,0.000000000000000000e+00,1.567100028932590128e+01,-5.942637555524933612e-02,0.000000000000000000e+00,-9.982326912540808728e-01
6.076666664174666721e+01,0.000000000000000000e+00,1.564113778904687635e+01,-5.942637555524933612e-02,0.000000000000000000e+00,-9.982326912540808728e-01
6.126829110971335979e+01,0.000000000000000000e+00,1.561127528876785853e+01,-5.942637555524933612e-02,0.000000000000000000e+00,-9.982326912540808728e-01
6.176991557768033658e+01,0.000000000000000000e+00,1.558141278848883715e+01,-5.942637555524933612e-02,0.000000000000000000e+00,-9.982326912540808728e-01
6.227154004564714285e+01,0.000000000000000000e+00,1.555155028820981933e+01,-5.942637555524933612e-02,0.000000000000000000e+00,-9.982326912540808728e-01
6.277316451361424043e+01,0.000000000000000000e+00,1.552168778793079795e+01,-5.942637555524933612e-02,0.000000000000000000e+00,-9.982326912540808728e-01
6.327478898158121723e+01,0.000000000000000000e+00,1.549182528765177302e+01,-5.942637555524933612e-02,0.000000000000000000e+00,-9.982326912540808728e-01
6.377641344954796665e+01,0.000000000000000000e+00,1.546196278737275698e+01,-5.942637555524933612e-02,0.000000000000000000e+00,-9.982326912540808728e-01
6.427803791751478002e+01,0.000000000000000000e+00,1.543210028709373738e+01,-5.942637555524933612e-02,0.000000000000000000e+00,-9.982326912540808728e-01
6.477966238548175681e+01,0.000000000000000000e+00,1.540223778681472133e+01,-5.942637555524933612e-02,0.000000000000000000e+00,-9.982326912540808728e-01
6.528128685344861992e+01,0.000000000000000000e+00,1.537237528653568930e+01,-5.942637555524933612e-02,0.000000000000000000e+00,-9.982326912540808728e-01
6.578291132141525566e+01,0.000000000000000000e+00,1.534251278625668036e+01,-5.942637555524933612e-02,0.000000000000000000e+00,-9.982326912540808728e-01
6.628453578938228929e+01,0.000000000000000000e+00,1.531265028597766253e+01,-5.942637555524933612e-02,0.000000000000000000e+00,-9.982326912540808728e-01
6.678616025734932293e+01,0.000000000000000000e+00,1.528278778569863405e+01,-5.942637555524933612e-02,0.000000000000000000e+00,-9.982326912540808728e-01
6.728778472531607235e+01,0.000000000000000000e+00,1.525292528541961978e+01,-5.942637555524933612e-02,0.000000000000000000e+00,-9.982326912540808728e-01
6.778940919328282178e+01,0.000000000000000000e+00,1.522306278514060374e+01,-5.942637555524933612e-02,0.000000000000000000e+00,-9.982326912540808728e-01
6.829103366124984120e+01,0.000000000000000000e+00,1.519320028486157703e+01,-5.942637555524933612e-02,0.000000000000000000e+00,-9.982326912540808728e-01
6.879265812921664747e+01,0.000000000000000000e+00,1.516333778458255743e+01,-5.942637555524933612e-02,0.000000000000000000e+00,-9.982326912540808728e-01
6.929428259718359584e+01,0.000000000000000000e+00,1.513347528430353606e+01,-5.942637555524933612e-02,0.000000000000000000e+00,-9.982326912540808728e-01
6.979590706515037368e+01,0.000000000000000000e+00,1.510361278402452179e+01,-5.942637555524933612e-02,0.000000000000000000e+00,-9.982326912540808728e-01
7.029753153311726521e+01,0.000000000000000000e+00,1.507375028374550752e+01,-5.942637555524933612e-02,0.000000000000000000e+00,-9.982326912540808728e-01
7.079915600108421359e+01,0.000000000000000000e+00,1.504388778346647904e+01,-5.942637555524933612e-02,0.000000000000000000e+00,-9.982326912540808728e-01
7.130078046905101985e+01,0.000000000000000000e+00,1.501402528318746477e+01,-5.942637555524933612e-02,0.000000000000000000e+00,-9.982326912540808728e-01
7.180240493701791138e+01,0.000000000000000000e+00,1.498416278290844161e+01,-5.942637555524933612e-02,0.000000000000000000e+00,-9.982326912540808728e-01
7.230402940498480291e+01,0.000000000000000000e+00,1.495430028262942379e+01,-5.942637555524933612e-02,0.000000000000000000e+00,-9.982326912540808728e-01
7.280565387295163760e+01,0.000000000000000000e+00,1.492443778235040419e+01,-5.942637555524933612e-02,0.000000000000000000e+00,-9.982326912540808728e-01
7.330727834091857176e+01,0.000000000000000000e+00,1.489457528207138104e+01,-5.942637555524933612e-02,0.000000000000000000e+00,-9.982326912540808728e-01
7.380890280888534960e+01,0.000000000000000000e+00,1.486471278179236677e+01,-5.942637555524933612e-02,0.000000000000000000e+00,-9.982326912540808728e-01
7.431052727685218429e+01,0.000000000000000000e+00,1.483485028151334717e+01,-5.942637555524933612e-02,0.000000000000000000e+00,-9.982326912540808728e-01
7.481215174481913266e+01,0.000000000000000000e+00,1.480498778123432402e+01,-5.942637555524933612e-02,0.000000000000000000e+00,-9.982326912540808728e-01
7.531377621278610945e+01,0.000000000000000000e+00,1.477512528095530442e+01,-5.942637555524933612e-02,0.000000000000000000e+00,-9.982326912540808728e-01
7.581540068075291572e+01,0.000000000000000000e+00,1.474526278067628127e+01,-5.942637555524933612e-02,0.000000000000000000e+00,-9.982326912540808728e-01
7.631702514871977883e+01,0.000000000000000000e+00,1.471540028039726522e+01,-5.942637555524933612e-02,0.000000000000000000e+00,-9.982326912540808728e-01
7.681864961668669878e+01,0.000000000000000000e+00,1.468553778011824562e+01,-5.942637555524933612e-02,0.000000000000000000e+00,-9.982326912540808728e-01
7.732027408465359031e+01,0.000000000000000000e+00,1.465567527983922247e+01,-5.942637555524933612e-02,0.000000000000000000e+00,-9.982326912540808728e-01
7.782189855262049605e+01,0.000000000000000000e+00,1.462581277956020109e+01,-5.942637555524933612e-02,0.000000000000000000e+00,-9.982326912540808728e-01
7.832352302058727389e+01,0.000000000000000000e+00,1.459595027928118505e+01,-5.942637555524933612e-02,0.000000000000000000e+00,-9.982326912540808728e-01
7.882514748855419384e+01,0.000000000000000000e+00,1.456608777900216722e+01,-5.942637555524933612e-02,0.000000000000000000e+00,-9.982326912540808728e-01
7.932677195652108537e+01,0.000000000000000000e+00,1.453622527872314585e+01,-5.942637555524933612e-02,0.000000000000000000e+00,-9.982326912540808728e-01
7.982839642448783479e+01,0.000000000000000000e+00,1.450636277844412447e+01,-5.942637555524933612e-02,0.000000000000000000e+00,-9.982326912540808728e-01
8.033002089245475474e+01,0.000000000000000000e+00,1.447650027816510665e+01,-5.942637555524933612e-02,0.000000000000000000e+00,-9.982326912540808728e-01
8.083164536042170312e+01,0.000000000000000000e+00,1.444663777788608705e+01,-5.942637555524933612e-02,0.000000000000000000e+00,-9.982326912540808728e-01
8.133326982838862307e+01,0.000000000000000000e+00,1.441677527760705857e+01,-5.942637555524933612e-02,0.000000000000000000e+00,-9.982326912540808728e-01
8.183489429635540091e+01,0.000000000000000000e+00,1.438691277732804608e+01,-5.942637555524933612e-02,0.000000000000000000e+00,-9.982326912540808728e-01
8.233651876432230665e+01,0.000000000000000000e+00,1.435705027704902292e+01,-5.942637555524933612e-02,0.000000000000000000e+00,-9.982326912540808728e-01
8.283814323228914134e+01,0.000000000000000000e+00,1.432718777677001043e+01,-5.942637555524933612e-02,0.000000000000000000e+00,-9.982326912540808728e-01
8.333976770025600445e+01,0.000000000000000000e+00,1.429732527649098728e+01,-5.942637555524933612e-02,0.000000000000000000e+00,-9.982326912540808728e-01
8.384139216822295282e+01,0.000000000000000000e+00,1.426746277621196590e+01,-5.942637555524933612e-02,0.000000000000000000e+00,-9.982326912540808728e-01
8.434301663618984435e+01,0.000000000000000000e+00,1.423760027593294275e+01,-5.942637555524933612e-02,0.000000000000000000e+00,-9.982326912540808728e-01
8.484464110415667903e+01,0.000000000000000000e+00,1.420773777565392670e+01,-5.942637555524933612e-02,0.000000000000000000e+00,-9.982326912540808728e-01
8.534626557212348530e+01,0.000000000000000000e+00,1.417787527537490355e+01,-5.942637555524933612e-02,0.000000000000000000e+00,-9.982326912540808728e-01
8.584789004009049052e+01,0.000000000000000000e+00,1.414801277509588928e+01,-5.942637555524933612e-02,0.000000000000000000e+00,-9.982326912540808728e-01
8.634951450805729678e+01,0.000000000000000000e+00,1.411815027481686791e+01,-5.942637555524933612e-02,0.000000000000000000e+00,-9.982326912540808728e-01
8.685113897602417410e+01,0.000000000000000000e+00,1.408828777453784475e+01,-5.942637555524933612e-02,0.000000000000000000e+00,-9.982326912540808728e-01
8.735276344399109405e+01,0.000000000000000000e+00,1.405842527425883226e+01,-5.942637555524933612e-02,0.000000000000000000e+00,-9.982326912540808728e-01
8.785438791195787189e+01,0.000000000000000000e+00,1.402856277397980911e+01,-5.942637555524933612e-02,0.000000000000000000e+00,-9.982326912540808728e-01
8.835601237992479184e+01,0.000000000000000000e+00,1.399870027370078951e+01,-5.942637555524933612e-02,0.000000000000000000e+00,-9.982326912540808728e-01
8.885763684789171180e+01,0.000000000000000000e+00,1.396883777342176991e+01,-5.942637555524933612e-02,0.000000000000000000e+00,-9.982326912540808728e-01
8.935926131585857490e+01,0.000000000000000000e+00,1.393897527314274853e+01,-5.942637555524933612e-02,0.000000000000000000e+00,-9.982326912540808728e-01
8.986088578382540959e+01,0.000000000000000000e+00,1.390911277286373071e+01,-5.942637555524933612e-02,0.000000000000000000e+00,-9.982326912540808728e-01
9.036251025179227270e+01,0.000000000000000000e+00,1.387925027258470756e+01,-5.942637555524933612e-02,0.000000000000000000e+00,-9.982326912540808728e-01
9.086413471975913581e+01,0.000000000000000000e+00,1.384938777230568974e+01,-5.942637555524933612e-02,0.000000000000000000e+00,-9.982326912540808728e-01
9.136575918772612681e+01,0.000000000000000000e+00,1.381952527202667191e+01,-5.942637555524933612e-02,0.000000000000000000e+00,-9.982326912540808728e-01
9.186738365569290465e+01,0.000000000000000000e+00,1.378966277174764876e+01,-5.942637555524933612e-02,0.000000000000000000e+00,-9.982326912540808728e-01
9.236900812365968250e+01,0.000000000000000000e+00,1.375980027146863627e+01,-5.942637555524933612e-02,0.000000000000000000e+00,-9.982326912540808728e-01
9.287063259162668771e+01,0.000000000000000000e+00,1.372993777118960956e+01,-5.942637555524933612e-02,0.000000000000000000e+00,-9.982326912540808728e-01
9.337225705959357924e+01,0.000000000000000000e+00,1.370007527091059174e+01,-5.942637555524933612e-02,0.000000000000000000e+00,-9.982326912540808728e-01
9.387388152756027182e+01,0.000000000000000000e+00,1.367021277063157569e+01,-5.942637555524933612e-02,0.000000000000000000e+00,-9.982326912540808728e-01
9.437550599552733388e+01,0.000000000000000000e+00,1.364035027035254899e+01,-5.942637555524933612e-02,0.000000000000000000e+00,-9.982326912540808728e-01
9.487713046349419699e+01,0.000000000000000000e+00,1.361048777007353294e+01,-5.942637555524933612e-02,0.000000000000000000e+00,-9.982326912540808728e-01
9.537875493146100325e+01,0.000000000000000000e+00,1.358062526979451334e+01,-5.942637555524933612e-02,0.000000000000000000e+00,-9.982326912540808728e-01
9.588037939942796584e+01,0.000000000000000000e+00,1.355076276951549374e+01,-5.942637555524933612e-02,0.000000000000000000e+00,-9.982326912540808728e-01
9.638200386739477210e+01,0.000000000000000000e+00,1.352090026923647414e+01,-5.942637555524933612e-02,0.000000000000000000e+00,-9.982326912540808728e-01
9.688362833536169205e+01,0.000000000000000000e+00,1.349103776895745099e+01,-5.942637555524933612e-02,0.000000000000000000e+00,-9.982326912540808728e-01
9.738525280332849832e+01,0.000000000000000000e+00,1.346117526867843317e+01,-5.942637555524933612e-02,0.000000000000000000e+00,-9.982326912540808728e-01
9.788687727129544669e+01,0.000000000000000000e+00,1.343131276839941535e+01,-5.942637555524933612e-02,0.000000000000000000e+00,-9.982326912540808728e-01
9.838850173926219611e+01,0.000000000000000000e+00,1.340145026812039397e+01,-5.942637555524933612e-02,0.000000000000000000e+00,-9.982326912540808728e-01
9.889012620722914448e+01,0.000000000000000000e+00,1.337158776784137615e+01,-5.942637555524933612e-02,0.000000000000000000e+00,-9.982326912540808728e-01
9.939175067519603601e+01,0.000000000000000000e+00,1.334172526756235655e+01,-5.942637555524933612e-02,0.000000000000000000e+00,-9.982326912540808728e-01
9.989337514316289912e+01,0.000000000000000000e+00,1.331186276728333695e+01,-5.942637555524933612e-02,0.000000000000000000e+00,-9.982326912540808728e-01
1.003949996111297907e+02,0.000000000000000000e+00,1.328200026700431735e+01,-5.942637555524933612e-02,0.000000000000000000e+00,-9.982326912540808728e-01
