0.000000000000000000e+00,5.155980828034034857e+01,1.149860506764769781e+02,0.000000000000000000e+00,-4.983822236481846857e-01,-8.669574148431344884e-01
3.131832929213671513e+00,5.137408585298121011e+01,1.150928157317656257e+02,0.000000000000000000e+00,-4.983822236481846857e-01,-8.669574148431344884e-01
6.205325736611558618e+00,5.082037822832495522e+01,1.154111220666586775e+02,0.000000000000000000e+00,-4.983822236481846857e-01,-8.669574148431344884e-01
9.163225066463553503e+00,4.990899993176402916e+01,1.159350402363959063e+02,0.000000000000000000e+00,-4.983822236481846857e-01,-8.669574148431344884e-01
1.195043085081497125e+01,4.865692821656909217e+01,1.166548106367664133e+02,0.000000000000000000e+00,-4.983822236481846857e-01,-8.669574148431344884e-01
1.451502271949921408e+01,4.708748680978416701e+01,1.175570253070690967e+02,0.000000000000000000e+00,-4.983822236481846857e-01,-8.669574148431344884e-01
1.680922717839685276e+01,4.522991143531989167e+01,1.186248776950516799e+02,0.000000000000000000e+00,-4.983822236481846857e-01,-8.669574148431344884e-01
1.879030753924016395e+01,4.311880520773543424e+01,1.198384757311807221e+02,0.000000000000000000e+00,-4.983822236481846857e-01,-8.669574148431344884e-01
2.042136002325462840e+01,4.079349404168398507e+01,1.211752123802586709e+02,0.000000000000000000e+00,-4.983822236481846857e-01,-8.669574148431344884e-01
2.167200120873286906e+01,3.829729408453106032e+01,1.226101867677162147e+02,0.000000000000000000e+00,-4.983822236481846857e-01,-8.669574148431344884e-01
2.251893401669342509e+01,3.567670481848769981e+01,1.241166680357905818e+02,0.000000000000000000e+00,-4.983822236481846857e-01,-8.669574148431344884e-01
2.294638169138239903e+01,3.298054286323416306e+01,1.256665932888296453e+02,0.000000000000000000e+00,-4.983822236481846857e-01,-8.669574148431344884e-01
2.294638169138239903e+01,3.025903261466255856e+01,1.272310903519407361e+02,0.000000000000000000e+00,-4.983822236481846857e-01,-8.669574148431344884e-01
2.251893401669342865e+01,2.756287065940911063e+01,1.287810156049798707e+02,0.000000000000000000e+00,-4.983822236481846857e-01,-8.669574148431344884e-01
2.167200120873287261e+01,2.494228139336540906e+01,1.302874968730542378e+02,0.000000000000000000e+00,-4.983822236481846857e-01,-8.669574148431344884e-01
2.042136002325462840e+01,2.244608143621276852e+01,1.317224712605116679e+02,0.000000000000000000e+00,-4.983822236481846857e-01,-8.669574148431344884e-01
1.879030753924016750e+01,2.012077027016137265e+01,1.330592079095896167e+02,0.000000000000000000e+00,-4.983822236481846857e-01,-8.669574148431344884e-01
1.680922717839685632e+01,1.800966404257651732e+01,1.342728059457188294e+02,0.000000000000000000e+00,-4.983822236481846857e-01,-8.669574148431344884e-01
1.451502271949921763e+01,1.615208866811238764e+01,1.353406583337014695e+02,0.000000000000000000e+00,-4.983822236481846857e-01,-8.669574148431344884e-01
1.195043085081498013e+01,1.458264726132732214e+01,1.362428730040040818e+02,0.000000000000000000e+00,-4.983822236481846857e-01,-8.669574148431344884e-01
9.163225066463560609e+00,1.333057554613235496e+01,1.369626434043745178e+02,0.000000000000000000e+00,-4.983822236481846857e-01,-8.669574148431344884e-01
6.205325736611558618e+00,1.241919724957174331e+01,1.374865615741117040e+02,0.000000000000000000e+00,-4.983822236481846857e-01,-8.669574148431344884e-01
3.131832929213672845e+00,1.186548962491528947e+01,1.378048679090047983e+02,0.000000000000000000e+00,-4.983822236481846857e-01,-8.669574148431344884e-01
2.816687638038912352e-15,1.167976719755623272e+01,1.379116329642934033e+02,0.000000000000000000e+00,-4.983822236481846857e-01,-8.669574148431344884e-01
-3.131832929213667072e+00,1.186548962491528947e+01,1.378048679090047983e+02,0.000000000000000000e+00,-4.983822236481846857e-01,-8.669574148431344884e-01
-6.205325736611553289e+00,1.241919724957174331e+01,1.374865615741117040e+02,0.000000000000000000e+00,-4.983822236481846857e-01,-8.669574148431344884e-01
-9.163225066463546398e+00,1.333057554613235496e+01,1.369626434043745178e+02,0.000000000000000000e+00,-4.983822236481846857e-01,-8.669574148431344884e-01
-1.195043085081496415e+01,1.458264726132732214e+01,1.362428730040040818e+02,0.000000000000000000e+00,-4.983822236481846857e-01,-8.669574148431344884e-01
-1.451502271949921408e+01,1.615208866811238764e+01,1.353406583337014695e+02,0.000000000000000000e+00,-4.983822236481846857e-01,-8.669574148431344884e-01
-1.680922717839685276e+01,1.800966404257651732e+01,1.342728059457188294e+02,0.000000000000000000e+00,-4.983822236481846857e-01,-8.669574148431344884e-01
-1.879030753924016395e+01,2.012077027016131581e+01,1.330592079095896167e+02,0.000000000000000000e+00,-4.983822236481846857e-01,-8.669574148431344884e-01
-2.042136002325462485e+01,2.244608143621276852e+01,1.317224712605116679e+02,0.000000000000000000e+00,-4.983822236481846857e-01,-8.669574148431344884e-01
-2.167200120873286906e+01,2.494228139336540906e+01,1.302874968730542378e+02,0.000000000000000000e+00,-4.983822236481846857e-01,-8.669574148431344884e-01
-2.251893401669342865e+01,2.756287065940911063e+01,1.287810156049798707e+02,0.000000000000000000e+00,-4.983822236481846857e-01,-8.669574148431344884e-01
-2.294638169138239903e+01,3.025903261466255856e+01,1.272310903519407361e+02,0.000000000000000000e+00,-4.983822236481846857e-01,-8.669574148431344884e-01
-2.294638169138239903e+01,3.298054286323416306e+01,1.256665932888296453e+02,0.000000000000000000e+00,-4.983822236481846857e-01,-8.669574148431344884e-01
-2.251893401669342865e+01,3.567670481848769981e+01,1.241166680357905818e+02,0.000000000000000000e+00,-4.983822236481846857e-01,-8.669574148431344884e-01
-2.167200120873287261e+01,3.829729408453106032e+01,1.226101867677162147e+02,0.000000000000000000e+00,-4.983822236481846857e-01,-8.669574148431344884e-01
-2.042136002325463906e+01,4.079349404168398507e+01,1.211752123802586709e+02,0.000000000000000000e+00,-4.983822236481846857e-01,-8.669574148431344884e-01
-1.879030753924017105e+01,4.311880520773543424e+01,1.198384757311807221e+02,0.000000000000000000e+00,-4.983822236481846857e-01,-8.669574148431344884e-01
-1.680922717839686698e+01,4.522991143531989167e+01,1.186248776950516799e+02,0.000000000000000000e+00,-4.983822236481846857e-01,-8.669574148431344884e-01
-1.451502271949922118e+01,4.708748680978416701e+01,1.175570253070690967e+02,0.000000000000000000e+00,-4.983822236481846857e-01,-8.669574148431344884e-01
-1.195043085081497125e+01,4.865692821656909217e+01,1.166548106367664133e+02,0.000000000000000000e+00,-4.983822236481846857e-01,-8.669574148431344884e-01
-9.163225066463564161e+00,4.990899993176402916e+01,1.159350402363959063e+02,0.000000000000000000e+00,-4.983822236481846857e-01,-8.669574148431344884e-01
-6.205325736611561283e+00,5.082037822832495522e+01,1.154111220666586775e+02,0.000000000000000000e+00,-4.983822236481846857e-01,-8.669574148431344884e-01
-3.131832929213685723e+00,5.137408585298121011e+01,1.150928157317656257e+02,0.000000000000000000e+00,-4.983822236481846857e-01,-8.669574148431344884e-01
-5.633375276077824704e-15,5.155980828034034857e+01,1.149860506764769781e+02,0.000000000000000000e+00,-4.983822236481846857e-01,-8.669574148431344884e-01
