-2.676121296068494360e-01,6.475874138930255430e-01,-3.404570425294974889e-01,-1.098015770207314334e+00,-1.289662913161203628e+00,1.016637273168564004e+00
-2.670810969936336932e-01,6.514835435309832556e-01,-3.337644551125475978e-01,-1.097702740489041373e+00,-1.290675994829860285e+00,1.013907592688259252e+00
-2.669584906781654610e-01,6.554444236150325231e-01,-3.269475367154868195e-01,-1.097066374283062418e+00,-1.291917699498489780e+00,1.011230832449815598e+00
-2.672429668661493452e-01,6.593964310941931029e-01,-3.201329380728217266e-01,-1.096123360571584104e+00,-1.293365612968140121e+00,1.008657448861321582e+00
-2.679256942428986932e-01,6.632662869627720115e-01,-3.134473998624285329e-01,-1.094895854719116990e+00,-1.294993141241008727e+00,1.006236320590364386e+00
-2.689907745317192678e-01,6.669823769303216965e-01,-3.070154318327822374e-01,-1.093410727217414946e+00,-1.296769976019486847e+00,1.004013769378263365e+00
-2.704157621107459164e-01,6.704760347386975461e-01,-3.009570166135588920e-01,-1.091698774537460004e+00,-1.298662656770023238e+00,1.002032608539182856e+00
-2.721722586167025781e-01,6.736827704919142734e-01,-2.953853757553452919e-01,-1.089793926648712441e+00,-1.300635219415407162e+00,1.000331243019678906e+00
-2.742265611533092340e-01,6.765434263860176101e-01,-2.904048372336578421e-01,-1.087732479925197504e+00,-1.302649917978409011e+00,9.989428448566305407e-01
-2.765403461136912711e-01,6.790052419537186967e-01,-2.861088451871534044e-01,-1.085552377132898094e+00,-1.304668002069751420e+00,9.978946269939473757e-01
-2.790713743390202950e-01,6.810228106921804025e-01,-2.825781535005631451e-01,-1.083292548622378559e+00,-1.306650530232130514e+00,9.972072366735078575e-01
-2.817742070480164784e-01,6.825589100713207458e-01,-2.798792444232049981e-01,-1.080992321334949269e+00,-1.308559197040790600e+00,9.968942869916346261e-01
-2.846009254304977532e-01,6.835851877391770914e-01,-2.780630112424138378e-01,-1.078690895298910268e+00,-1.310357150702162299e+00,9.969620417273286073e-01
-2.875018498147507984e-01,6.840826884748378856e-01,-2.771637397842339201e-01,-1.076426881379827227e+00,-1.312009777806679711e+00,9.974092642671795739e-01
-2.904262567622195590e-01,6.840422091780434810e-01,-2.771984171133146102e-01,-1.074237889483081299e+00,-1.313485432922912199e+00,9.982272365039063233e-01
-2.933230942288176379e-01,6.834644728622283338e-01,-2.781663874538915504e-01,-1.072160153400706584e+00,-1.314756092822307210e+00,9.993999481728630396e-01
-2.961416960089060524e-01,6.823601170181794462e-01,-2.800493655318483377e-01,-1.070228177144955550e+00,-1.315797918163953639e+00,1.000904451484575963e+00
-2.988324970196432062e-01,6.807494965040278290e-01,-2.828118069375018528e-01,-1.068474387905200107e+00,-1.316591709237862950e+00,1.002711370432355809e+00
-3.013477505821349212e-01,6.786623058958584087e-01,-2.864016245389735538e-01,-1.066928782591404667e+00,-1.317123246600610420e+00,1.004785549139803891e+00
-3.036422477208606807e-01,6.761370306057830071e-01,-2.907512302423005401e-01,-1.065618558093149426e+00,-1.317383511851281108e+00,1.007086819378929077e+00
-3.056740366618591054e-01,6.732202397137577732e-01,-2.957788731763473233e-01,-1.064567719632664611e+00,-1.317368788107069921e+00,1.009570864188140238e+00
-3.074051382167208857e-01,6.699657361594685279e-01,-3.013902391373743939e-01,-1.063796666625300036e+00,-1.317080643698883113e+00,1.012190152510256125e+00
-3.088022496817632856e-01,6.664335816468245355e-01,-3.074802720424720803e-01,-1.063321760958086504e+00,-1.316525806023656431e+00,1.014894919003875184e+00
-3.098374263950702812e-01,6.626890144259939275e-01,-3.139351761143609476e-01,-1.063154888219762340e+00,-1.315715935231450251e+00,1.017634163598395425e+00
-3.104887263712132750e-01,6.588012782669534495e-01,-3.206345572140807398e-01,-1.063303027820573954e+00,-1.314667309425197494e+00,1.020356646813243895e+00
-3.107407997337654493e-01,6.548423807409640141e-01,-3.274536626513238069e-01,-1.063767852778269241e+00,-1.313400434299948349e+00,1.023011859130573464e+00
-3.105854013156044147e-01,6.508857987260148192e-01,-3.342656803679124877e-01,-1.064545383864351047e+00,-1.311939590682541290e+00,1.025550945550977922e+00
-3.100218021820611014e-01,6.470051491593956650e-01,-3.409440600733508742e-01,-1.065625725445841887e+00,-1.310312333322048550e+00,1.027927569625222137e+00
-3.090570743737561799e-01,6.432728436941976824e-01,-3.473648202958352638e-01,-1.066992911376324127e+00,-1.308548953620362498e+00,1.030098704514979868e+00
-3.077062232839953282e-01,6.397587471623132904e-01,-3.534088061574205408e-01,-1.068624888372943893e+00,-1.306681917893423472e+00,1.032025341801118712e+00
-3.059921441449322543e-01,6.365288615306794462e-01,-3.589638629550253590e-01,-1.070493661220829562e+00,-1.304745291343835989e+00,1.033673111678553580e+00
-3.039453833436844832e-01,6.336440591268474032e-01,-3.639268904970129892e-01,-1.072565618750353611e+00,-1.302774156344147283e+00,1.035012810738180633e+00
-3.016036917874185264e-01,6.311588909352536803e-01,-3.682057429418046368e-01,-1.074802051885749288e+00,-1.300804032024195811e+00,1.036020835656061623e+00
-2.990113661092390629e-01,6.291204972701739395e-01,-3.717209390484348397e-01,-1.077159865436353670e+00,-1.298870300673947042e+00,1.036679522730181713e+00
-2.962183837096148409e-01,6.275676486405351584e-01,-3.744071487433306977e-01,-1.079592474212334396e+00,-1.297007645253165808e+00,1.036977394292441179e+00
-2.932793487529750109e-01,6.265299437222343615e-01,-3.762144241396940814e-01,-1.082050862256675128e+00,-1.295249501454551089e+00,1.036909313573854741e+00
-2.902522773676281531e-01,6.260271887731932994e-01,-3.771091468869853802e-01,-1.084484772452136259e+00,-1.293627527372320563e+00,1.036476549648595702e+00
-2.871972603963977022e-01,6.260689784960388193e-01,-3.770746690574466875e-01,-1.086843983550989767e+00,-1.292171093907833468e+00,1.035686753710799213e+00
-2.841750500993631690e-01,6.266544924406610706e-01,-3.761116315530919074e-01,-1.089079623834092514e+00,-1.290906799567099084e+00,1.034553847284719552e+00
-2.812456223622188389e-01,6.277725139394705334e-01,-3.742379518894636270e-01,-1.091145466024283417e+00,-1.289858014188782764e+00,1.033097822222117212e+00
-2.784667676469352315e-01,6.294016708570946417e-01,-3.714884816664301148e-01,-1.092999147356214173e+00,-1.289044457261070198e+00,1.031344451722480793e+00
-2.758927619473352522e-01,6.315108897831249735e-01,-3.679143424680804131e-01,-1.094603262050146686e+00,-1.288481817690894982e+00,1.029324911348322935e+00
-2.735731636015774626e-01,6.340600483634439843e-01,-3.635819567433531407e-01,-1.095926280627533389e+00,-1.288181423019872041e+00,1.027075309295460315e+00
-2.715517735607448913e-01,6.370008048048424465e-01,-3.585717969009973860e-01,-1.096943260905770101e+00,-1.288149966984546424e+00,1.024636126147710158e+00
-2.698657864921329974e-01,6.402775795624576771e-01,-3.529768810696127801e-01,-1.097636328154117491e+00,-1.288389304858345907e+00,1.022051566038349568e+00
-2.685451489303556372e-01,6.438286619598546645e-01,-3.469010476012810429e-01,-1.097994915617713563e+00,-1.288896326077613175e+00,1.019368823500394816e+00
-2.676121296068494360e-01,6.475874138930255430e-01,-3.404570425294974889e-01,-1.098015770207314334e+00,-1.289662913161203628e+00,1.016637273168564004e+00
