-4.366879390982374431e-01,6.801896542970862214e-01,2.283414661046436755e-01,1.859424804725849090e-01,-7.647424697311181463e-01,-4.600440996141380579e-01
-4.373514722944742417e-01,6.761371614636044747e-01,2.224682432575992852e-01,1.859719469936111647e-01,-7.628428167790023418e-01,-4.596829977186204230e-01
-4.377738847052112803e-01,6.719243756484108987e-01,2.163737256032449707e-01,1.861313583157290785e-01,-7.609233632126866098e-01,-4.596469595357430826e-01
-4.379460500595708794e-01,6.676300058961354145e-01,2.101725894671371275e-01,1.864190267058121186e-01,-7.590209676630998992e-01,-4.599391217214534588e-01
-4.378633732977217363e-01,6.633339579109014394e-01,2.039805359569979437e-01,1.868309315803763082e-01,-7.571716459225609208e-01,-4.605567523117033435e-01
-4.375259777475655198e-01,6.591158752345652738e-01,1.979121546003317356e-01,1.873606935519932237e-01,-7.554098689033446057e-01,-4.614910991247756500e-01
-4.369388084364711489e-01,6.550537063660668569e-01,1.920788760138718576e-01,1.879995941242323942e-01,-7.537679294020867005e-01,-4.627273444332162255e-01
-4.361116417278241286e-01,6.512223171691188250e-01,1.865870403034199931e-01,1.887366485195455523e-01,-7.522753871348702992e-01,-4.642446828194087827e-01
-4.350589931913155795e-01,6.476921668479965755e-01,1.815361027736592803e-01,1.895587376206429309e-01,-7.509585978180136623e-01,-4.660165364399804222e-01
-4.337999181246576796e-01,6.445280653283598227e-01,1.770169945796609134e-01,1.904508027370746259e-01,-7.498403287487016566e-01,-4.680109176640170898e-01
-4.323577023979652267e-01,6.417880298149135632e-01,1.731106530500972074e-01,1.913961039837488165e-01,-7.489394604554496793e-01,-4.701909433778548864e-01
-4.307594451693077531e-01,6.395222582861684879e-01,1.698867343093097837e-01,1.923765396630678914e-01,-7.482707715770546830e-01,-4.725154984704807437e-01
-4.290355393226645830e-01,6.377722373878303985e-01,1.674025192196988421e-01,1.933730204291201349e-01,-7.478448022110876225e-01,-4.749400385666975311e-01
-4.272190599423559831e-01,6.365700013006478919e-01,1.657020222613829752e-01,1.943658884768901807e-01,-7.476677895644151528e-01,-4.774175144998115128e-01
-4.253450754484120466e-01,6.359375564761851063e-01,1.648153115199564311e-01,1.953353688520666487e-01,-7.477416688514595400e-01,-4.798993939056525049e-01
-4.234498998449254259e-01,6.358864845683374067e-01,1.647580463055429156e-01,1.962620375079573987e-01,-7.480641320271568251e-01,-4.823367492646502552e-01
-4.215703075650809595e-01,6.364177324899547017e-01,1.655312370126560406e-01,1.971272891812526351e-01,-7.486287371032191995e-01,-4.846813772402494558e-01
-4.197427343727220261e-01,6.375215944725818318e-01,1.671212296762174532e-01,1.979137876707204868e-01,-7.494250614482985684e-01,-4.868869116551694520e-01
-4.180024885268132095e-01,6.391778865844418567e-01,1.694999153801575176e-01,1.986058817333700433e-01,-7.504388935552276374e-01,-4.889098921346070048e-01
-4.163829958651703578e-01,6.413563097065976271e-01,1.726251623666128499e-01,1.991899715047904806e-01,-7.516524591791009513e-01,-4.907107523526319515e-01
-4.149151006665938723e-01,6.440169928233362429e-01,1.764414665136020410e-01,1.996548129489074952e-01,-7.530446793841892861e-01,-4.922546957717375271e-01
-4.136264412651282640e-01,6.471112049446804404e-01,1.808808139002850979e-01,1.999917511138559756e-01,-7.545914597347326280e-01,-4.935124324183308708e-01
-4.125409156647137365e-01,6.505822212457823550e-01,1.858637474981041926e-01,2.001948766333730423e-01,-7.562660114563567459e-01,-4.944607571118337930e-01
-4.116782481445664388e-01,6.543663271531728887e-01,1.913006285616156710e-01,2.002611036705114478e-01,-7.580392067061244576e-01,-4.950829571116551753e-01
-4.110536633849521948e-01,6.583939430674963234e-01,1.970930818973197773e-01,2.001901710740151552e-01,-7.598799709499772792e-01,-4.953690448039091421e-01
-4.106776702972965154e-01,6.625908519963380483e-01,2.031356126294090458e-01,1.999845716730653256e-01,-7.617557157026582093e-01,-4.953158183021845740e-01
-4.105559537857015329e-01,6.668795122924335850e-01,2.093173800668850504e-01,1.996494172016705648e-01,-7.636328144117505712e-01,-4.949267592580908204e-01
-4.106893693083488728e-01,6.711804376159427044e-01,2.155241115025114951e-01,1.991922482184304011e-01,-7.654771229793003728e-01,-4.942117824586744756e-01
-4.110740324801014367e-01,6.754136258360687872e-01,2.216401349818792887e-01,1.986227995383418876e-01,-7.672545442813786254e-01,-4.931868557472197656e-01
-4.117014941178496201e-01,6.795000175965115741e-01,2.275505051245860777e-01,1.979527321478786461e-01,-7.689316331068043464e-01,-4.918735113798781700e-01
-4.125589900640189711e-01,6.833629635548161829e-01,2.331431899934031104e-01,1.971953424052186599e-01,-7.704762343142631531e-01,-4.902982711632471458e-01
-4.136297547606044844e-01,6.869296768991476343e-01,2.383112800602731340e-01,1.963652586358929086e-01,-7.718581429203626998e-01,-4.884920077244178094e-01
-4.148933877753684385e-01,6.901326448689909521e-01,2.429551730422079281e-01,1.954781341357784696e-01,-7.730497705964024524e-01,-4.864892632119762750e-01
-4.163262631685444859e-01,6.929109700636633118e-01,2.469846815585150512e-01,1.945503442054153098e-01,-7.740267990728111336e-01,-4.843275448082292600e-01
-4.179019725889352443e-01,6.952116098616396567e-01,2.503210051627497990e-01,1.935986932726143639e-01,-7.747687976900360374e-01,-4.820466138540768219e-01
-4.195917941620326275e-01,6.969904809090708975e-01,2.528985053659160709e-01,1.926401365146301614e-01,-7.752597802653656833e-01,-4.796877823549469122e-01
-4.213651804511631127e-01,6.982133959473517670e-01,2.546662227346869756e-01,1.916915187568704604e-01,-7.754886759828150122e-01,-4.772932273543955550e-01
-4.231902599244250496e-01,6.988568026687065338e-01,2.555890796856612468e-01,1.907693318843960706e-01,-7.754496904449567074e-01,-4.749053303371880697e-01
-4.250343473542974593e-01,6.989082989966868276e-01,2.556487214278519993e-01,1.898894906322720899e-01,-7.751425364437471988e-01,-4.725660456633703488e-01
-4.268644593433270629e-01,6.983669060494366310e-01,2.548439603065348891e-01,1.890671254942980217e-01,-7.745725192678774018e-01,-4.703162992457340374e-01
-4.286478316587629678e-01,6.972430885948450729e-01,2.531908046874336016e-01,1.883163906750057459e-01,-7.737504680822606673e-01,-4.681954164635070414e-01
-4.303524352418506282e-01,6.955585223135619666e-01,2.507220711416706660e-01,1.876502845661815744e-01,-7.726925125062372723e-01,-4.662405768304589415e-01
-4.319474876228586169e-01,6.933456167546981908e-01,2.474865964289847398e-01,1.870804802000200495e-01,-7.714197112763619968e-01,-4.644862923402529042e-01
-4.334039560288305282e-01,6.906468115955264331e-01,2.435480819907041017e-01,1.866171635362162962e-01,-7.699575470870280158e-01,-4.629639067693580579e-01
-4.346950477440776339e-01,6.875136709365837762e-01,2.389836169552770340e-01,1.862688782688798894e-01,-7.683353077291956712e-01,-4.617011145253519522e-01
-4.357966823200634110e-01,6.840058053726419951e-01,2.338819350704719469e-01,1.860423770438552615e-01,-7.665853780423389496e-01,-4.607214997967316594e-01
-4.366879390982374431e-01,6.801896542970862214e-01,2.283414661046436755e-01,1.859424804725849090e-01,-7.647424697311181463e-01,-4.600440996141380579e-01
