-4.998646402411954881e+01,0.000000000000000000e+00,2.959338897654292921e+00,-9.147781422501959428e-03,0.000000000000000000e+00,-9.999581581721536105e-01
-4.948397248734963938e+01,0.000000000000000000e+00,2.954742022567609094e+00,-9.147781422501959428e-03,0.000000000000000000e+00,-9.999581581721536105e-01
-4.898148095057972284e+01,0.000000000000000000e+00,2.950145147480924379e+00,-9.147781422501959428e-03,0.000000000000000000e+00,-9.999581581721536105e-01
-4.847898941380975657e+01,0.000000000000000000e+00,2.945548272394240108e+00,-9.147781422501959428e-03,0.000000000000000000e+00,-9.999581581721536105e-01
-4.797649787703984003e+01,0.000000000000000000e+00,2.940951397307554949e+00,-9.147781422501959428e-03,0.000000000000000000e+00,-9.999581581721536105e-01
-4.747400634026992350e+01,0.000000000000000000e+00,2.936354522220871122e+00,-9.147781422501959428e-03,0.000000000000000000e+00,-9.999581581721536105e-01
-4.697151480350007091e+01,0.000000000000000000e+00,2.931757647134187295e+00,-9.147781422501959428e-03,0.000000000000000000e+00,-9.999581581721536105e-01
-4.646902326673004069e+01,0.000000000000000000e+00,2.927160772047502135e+00,-9.147781422501959428e-03,0.000000000000000000e+00,-9.999581581721536105e-01
-4.596653172996013126e+01,0.000000000000000000e+00,2.922563896960817864e+00,-9.147781422501959428e-03,0.000000000000000000e+00,-9.999581581721536105e-01
-4.546404019319021472e+01,0.000000000000000000e+00,2.917967021874133593e+00,-9.147781422501959428e-03,0.000000000000000000e+00,-9.999581581721536105e-01
-4.496154865642030529e+01,0.000000000000000000e+00,2.913370146787449322e+00,-9.147781422501959428e-03,0.000000000000000000e+00,-9.999581581721536105e-01
-4.445905711965038876e+01,0.000000000000000000e+00,2.908773271700764607e+00,-9.147781422501959428e-03,0.000000000000000000e+00,-9.999581581721536105e-01
-4.395656558288041538e+01,0.000000000000000000e+00,2.904176396614080335e+00,-9.147781422501959428e-03,0.000000000000000000e+00,-9.999581581721536105e-01
-4.345407404611056279e+01,0.000000000000000000e+00,2.899579521527396064e+00,-9.147781422501959428e-03,0.000000000000000000e+00,-9.999581581721536105e-01
-4.295158250934058941e+01,0.000000000000000000e+00,2.894982646440711349e+00,-9.147781422501959428e-03,0.000000000000000000e+00,-9.999581581721536105e-01
-4.244909097257062314e+01,0.000000000000000000e+00,2.890385771354027078e+00,-9.147781422501959428e-03,0.000000000000000000e+00,-9.999581581721536105e-01
-4.194659943580076344e+01,0.000000000000000000e+00,2.885788896267342807e+00,-9.147781422501959428e-03,0.000000000000000000e+00,-9.999581581721536105e-01
-4.144410789903079717e+01,0.000000000000000000e+00,2.881192021180658536e+00,-9.147781422501959428e-03,0.000000000000000000e+00,-9.999581581721536105e-01
-4.094161636226093748e+01,0.000000000000000000e+00,2.876595146093974265e+00,-9.147781422501959428e-03,0.000000000000000000e+00,-9.999581581721536105e-01
-4.043912482549090726e+01,0.000000000000000000e+00,2.871998271007289105e+00,-9.147781422501959428e-03,0.000000000000000000e+00,-9.999581581721536105e-01
-3.993663328872099783e+01,0.000000000000000000e+00,2.867401395920605278e+00,-9.147781422501959428e-03,0.000000000000000000e+00,-9.999581581721536105e-01
-3.943414175195108129e+01,0.000000000000000000e+00,2.862804520833920563e+00,-9.147781422501959428e-03,0.000000000000000000e+00,-9.999581581721536105e-01
-3.893165021518117186e+01,0.000000000000000000e+00,2.858207645747236292e+00,-9.147781422501959428e-03,0.000000000000000000e+00,-9.999581581721536105e-01
-3.842915867841125532e+01,0.000000000000000000e+00,2.853610770660552021e+00,-9.147781422501959428e-03,0.000000000000000000e+00,-9.999581581721536105e-01
-3.792666714164128905e+01,0.000000000000000000e+00,2.849013895573867305e+00,-9.147781422501959428e-03,0.000000000000000000e+00,-9.999581581721536105e-01
-3.742417560487142936e+01,0.000000000000000000e+00,2.844417020487183478e+00,-9.147781422501959428e-03,0.000000000000000000e+00,-9.999581581721536105e-01
-3.692168406810145598e+01,0.000000000000000000e+00,2.839820145400498763e+00,-9.147781422501959428e-03,0.000000000000000000e+00,-9.999581581721536105e-01
-3.641919253133148970e+01,0.000000000000000000e+00,2.835223270313814048e+00,-9.147781422501959428e-03,0.000000000000000000e+00,-9.999581581721536105e-01
-3.591670099456163001e+01,0.000000000000000000e+00,2.830626395227129777e+00,-9.147781422501959428e-03,0.000000000000000000e+00,-9.999581581721536105e-01
-3.541420945779166374e+01,0.000000000000000000e+00,2.826029520140445506e+00,-9.147781422501959428e-03,0.000000000000000000e+00,-9.999581581721536105e-01
-3.491171792102180405e+01,0.000000000000000000e+00,2.821432645053761235e+00,-9.147781422501959428e-03,0.000000000000000000e+00,-9.999581581721536105e-01
-3.440922638425178093e+01,0.000000000000000000e+00,2.816835769967076075e+00,-9.147781422501959428e-03,0.000000000000000000e+00,-9.999581581721536105e-01
-3.390673484748192124e+01,0.000000000000000000e+00,2.812238894880392692e+00,-9.147781422501959428e-03,0.000000000000000000e+00,-9.999581581721536105e-01
-3.340424331071200470e+01,0.000000000000000000e+00,2.807642019793707977e+00,-9.147781422501959428e-03,0.000000000000000000e+00,-9.999581581721536105e-01
-3.290175177394203843e+01,0.000000000000000000e+00,2.803045144707023262e+00,-9.147781422501959428e-03,0.000000000000000000e+00,-9.999581581721536105e-01
-3.239926023717212189e+01,0.000000000000000000e+00,2.798448269620338991e+00,-9.147781422501959428e-03,0.000000000000000000e+00,-9.999581581721536105e-01
-3.189676870040215206e+01,0.000000000000000000e+00,2.793851394533654720e+00,-9.147781422501959428e-03,0.000000000000000000e+00,-9.999581581721536105e-01
-3.139427716363229592e+01,0.000000000000000000e+00,2.789254519446970448e+00,-9.147781422501959428e-03,0.000000000000000000e+00,-9.999581581721536105e-01
-3.089178562686238294e+01,0.000000000000000000e+00,2.784657644360286177e+00,-9.147781422501959428e-03,0.000000000000000000e+00,-9.999581581721536105e-01
-3.038929409009241311e+01,0.000000000000000000e+00,2.780060769273601018e+00,-9.147781422501959428e-03,0.000000000000000000e+00,-9.999581581721536105e-01
-2.988680255332250013e+01,0.000000000000000000e+00,2.775463894186917191e+00,-9.147781422501959428e-03,0.000000000000000000e+00,-9.999581581721536105e-01
-2.938431101655253030e+01,0.000000000000000000e+00,2.770867019100232476e+00,-9.147781422501959428e-03,0.000000000000000000e+00,-9.999581581721536105e-01
-2.888181947978267061e+01,0.000000000000000000e+00,2.766270144013548204e+00,-9.147781422501959428e-03,0.000000000000000000e+00,-9.999581581721536105e-01
-2.837932794301270079e+01,0.000000000000000000e+00,2.761673268926863933e+00,-9.147781422501959428e-03,0.000000000000000000e+00,-9.999581581721536105e-01
-2.787683640624278780e+01,0.000000000000000000e+00,2.757076393840179218e+00,-9.147781422501959428e-03,0.000000000000000000e+00,-9.999581581721536105e-01
-2.737434486947287482e+01,0.000000000000000000e+00,2.752479518753495391e+00,-9.147781422501959428e-03,0.000000000000000000e+00,-9.999581581721536105e-01
-2.687185333270296184e+01,0.000000000000000000e+00,2.747882643666810676e+00,-9.147781422501959428e-03,0.000000000000000000e+00,-9.999581581721536105e-01
-2.636936179593299201e+01,0.000000000000000000e+00,2.743285768580125961e+00,-9.147781422501959428e-03,0.000000000000000000e+00,-9.999581581721536105e-01
-2.586687025916301863e+01,0.000000000000000000e+00,2.738688893493441689e+00,-9.147781422501959428e-03,0.000000000000000000e+00,-9.999581581721536105e-01
-2.536437872239316249e+01,0.000000000000000000e+00,2.734092018406757418e+00,-9.147781422501959428e-03,0.000000000000000000e+00,-9.999581581721536105e-01
-2.486188718562324951e+01,0.000000000000000000e+00,2.729495143320073147e+00,-9.147781422501959428e-03,0.000000000000000000e+00,-9.999581581721536105e-01
-2.435939564885327968e+01,0.000000000000000000e+00,2.724898268233388432e+00,-9.147781422501959428e-03,0.000000000000000000e+00,-9.999581581721536105e-01
-2.385690411208336670e+01,0.000000000000000000e+00,2.720301393146704161e+00,-9.147781422501959428e-03,0.000000000000000000e+00,-9.999581581721536105e-01
-2.335441257531351056e+01,0.000000000000000000e+00,2.715704518060020334e+00,-9.147781422501959428e-03,0.000000000000000000e+00,-9.999581581721536105e-01
-2.285192103854354073e+01,0.000000000000000000e+00,2.711107642973335619e+00,-9.147781422501959428e-03,0.000000000000000000e+00,-9.999581581721536105e-01
-2.234942950177356735e+01,0.000000000000000000e+00,2.706510767886650903e+00,-9.147781422501959428e-03,0.000000000000000000e+00,-9.999581581721536105e-01
-2.184693796500365437e+01,0.000000000000000000e+00,2.701913892799966632e+00,-9.147781422501959428e-03,0.000000000000000000e+00,-9.999581581721536105e-01
-2.134444642823374139e+01,0.000000000000000000e+00,2.697317017713282361e+00,-9.147781422501959428e-03,0.000000000000000000e+00,-9.999581581721536105e-01
-2.084195489146382840e+01,0.000000000000000000e+00,2.692720142626597646e+00,-9.147781422501959428e-03,0.000000000000000000e+00,-9.999581581721536105e-01
-2.033946335469385858e+01,0.000000000000000000e+00,2.688123267539913375e+00,-9.147781422501959428e-03,0.000000000000000000e+00,-9.999581581721536105e-01
-1.983697181792400244e+01,0.000000000000000000e+00,2.683526392453229548e+00,-9.147781422501959428e-03,0.000000000000000000e+00,-9.999581581721536105e-01
-1.933448028115403261e+01,0.000000000000000000e+00,2.678929517366544388e+00,-9.147781422501959428e-03,0.000000000000000000e+00,-9.999581581721536105e-01
-1.883198874438411607e+01,0.000000000000000000e+00,2.674332642279860117e+00,-9.147781422501959428e-03,0.000000000000000000e+00,-9.999581581721536105e-01
-1.832949720761414625e+01,0.000000000000000000e+00,2.669735767193175402e+00,-9.147781422501959428e-03,0.000000000000000000e+00,-9.999581581721536105e-01
-1.782700567084423682e+01,0.000000000000000000e+00,2.665138892106491575e+00,-9.147781422501959428e-03,0.000000000000000000e+00,-9.999581581721536105e-01
-1.732451413407437713e+01,0.000000000000000000e+00,2.660542017019807304e+00,-9.147781422501959428e-03,0.000000000000000000e+00,-9.999581581721536105e-01
-1.682202259730440375e+01,0.000000000000000000e+00,2.655945141933122589e+00,-9.147781422501959428e-03,0.000000000000000000e+00,-9.999581581721536105e-01
-1.631953106053449432e+01,0.000000000000000000e+00,2.651348266846438317e+00,-9.147781422501959428e-03,0.000000000000000000e+00,-9.999581581721536105e-01
-1.581703952376452094e+01,0.000000000000000000e+00,2.646751391759753602e+00,-9.147781422501959428e-03,0.000000000000000000e+00,-9.999581581721536105e-01
-1.531454798699461151e+01,0.000000000000000000e+00,2.642154516673069331e+00,-9.147781422501959428e-03,0.000000000000000000e+00,-9.999581581721536105e-01
-1.481205645022475181e+01,0.000000000000000000e+00,2.637557641586385060e+00,-9.147781422501959428e-03,0.000000000000000000e+00,-9.999581581721536105e-01
-1.430956491345472870e+01,0.000000000000000000e+00,2.632960766499700789e+00,-9.147781422501959428e-03,0.000000000000000000e+00,-9.999581581721536105e-01
-1.380707337668486900e+01,0.000000000000000000e+00,2.628363891413016518e+00,-9.147781422501959428e-03,0.000000000000000000e+00,-9.999581581721536105e-01
-1.330458183991489562e+01,0.000000000000000000e+00,2.623767016326331358e+00,-9.147781422501959428e-03,0.000000000000000000e+00,-9.999581581721536105e-01
-1.280209030314504304e+01,0.000000000000000000e+00,2.619170141239647531e+00,-9.147781422501959428e-03,0.000000000000000000e+00,-9.999581581721536105e-01
-1.229959876637501281e+01,0.000000000000000000e+00,2.614573266152962816e+00,-9.147781422501959428e-03,0.000000000000000000e+00,-9.999581581721536105e-01
-1.179710722960510338e+01,0.000000000000000000e+00,2.609976391066278545e+00,-9.147781422501959428e-03,0.000000000000000000e+00,-9.999581581721536105e-01
-1.129461569283524369e+01,0.000000000000000000e+00,2.605379515979594274e+00,-9.147781422501959428e-03,0.000000000000000000e+00,-9.999581581721536105e-01
-1.079212415606527031e+01,0.000000000000000000e+00,2.600782640892910003e+00,-9.147781422501959428e-03,0.000000000000000000e+00,-9.999581581721536105e-01
-1.028963261929541773e+01,0.000000000000000000e+00,2.596185765806225731e+00,-9.147781422501959428e-03,0.000000000000000000e+00,-9.999581581721536105e-01
-9.787141082525444347e+00,0.000000000000000000e+00,2.591588890719541016e+00,-9.147781422501959428e-03,0.000000000000000000e+00,-9.999581581721536105e-01
-9.284649545755534916e+00,0.000000000000000000e+00,2.586992015632856745e+00,-9.147781422501959428e-03,0.000000000000000000e+00,-9.999581581721536105e-01
-8.782158008985618380e+00,0.000000000000000000e+00,2.582395140546172474e+00,-9.147781422501959428e-03,0.000000000000000000e+00,-9.999581581721536105e-01
-8.279666472215652107e+00,0.000000000000000000e+00,2.577798265459487759e+00,-9.147781422501959428e-03,0.000000000000000000e+00,-9.999581581721536105e-01
-7.777174935445735571e+00,0.000000000000000000e+00,2.573201390372803488e+00,-9.147781422501959428e-03,0.000000000000000000e+00,-9.999581581721536105e-01
-7.274683398675762191e+00,0.000000000000000000e+00,2.568604515286118772e+00,-9.147781422501959428e-03,0.000000000000000000e+00,-9.999581581721536105e-01
-6.772191861905909605e+00,0.000000000000000000e+00,2.564007640199434501e+00,-9.147781422501959428e-03,0.000000000000000000e+00,-9.999581581721536105e-01
-6.269700325135993069e+00,0.000000000000000000e+00,2.559410765112750674e+00,-9.147781422501959428e-03,0.000000000000000000e+00,-9.999581581721536105e-01
-5.767208788366026795e+00,0.000000000000000000e+00,2.554813890026065515e+00,-9.147781422501959428e-03,0.000000000000000000e+00,-9.999581581721536105e-01
-5.264717251596110259e+00,0.000000000000000000e+00,2.550217014939381688e+00,-9.147781422501959428e-03,0.000000000000000000e+00,-9.999581581721536105e-01
-4.762225714826200829e+00,0.000000000000000000e+00,2.545620139852696973e+00,-9.147781422501959428e-03,0.000000000000000000e+00,-9.999581581721536105e-01
-4.259734178056284293e+00,0.000000000000000000e+00,2.541023264766012701e+00,-9.147781422501959428e-03,0.000000000000000000e+00,-9.999581581721536105e-01
-3.757242641286310914e+00,0.000000000000000000e+00,2.536426389679328430e+00,-9.147781422501959428e-03,0.000000000000000000e+00,-9.999581581721536105e-01
-3.254751104516401483e+00,0.000000000000000000e+00,2.531829514592643715e+00,-9.147781422501959428e-03,0.000000000000000000e+00,-9.999581581721536105e-01
-2.752259567746484947e+00,0.000000000000000000e+00,2.527232639505959444e+00,-9.147781422501959428e-03,0.000000000000000000e+00,-9.999581581721536105e-01
-2.249768030976575517e+00,0.000000000000000000e+00,2.522635764419274729e+00,-9.147781422501959428e-03,0.000000000000000000e+00,-9.999581581721536105e-01
-1.747276494206602138e+00,0.000000000000000000e+00,2.518038889332590458e+00,-9.147781422501959428e-03,0.000000000000000000e+00,-9.999581581721536105e-01
-1.244784957436692707e+00,0.000000000000000000e+00,2.513442014245906186e+00,-9.147781422501959428e-03,0.000000000000000000e+00,-9.999581581721536105e-01
-7.422934206667761714e-01,0.000000000000000000e+00,2.508845139159221915e+00,-9.147781422501959428e-03,0.000000000000000000e+00,-9.999581581721536105e-01
-2.398018838968596356e-01,0.000000000000000000e+00,2.504248264072537644e+00,-9.147781422501959428e-03,0.000000000000000000e+00,-9.999581581721536105e-01
2.626896528731066383e-01,0.000000000000000000e+00,2.499651388985852485e+00,-9.147781422501959428e-03,0.000000000000000000e+00,-9.999581581721536105e-01
7.651811896430231741e-01,0.000000000000000000e+00,2.495054513899168214e+00,-9.147781422501959428e-03,0.000000000000000000e+00,-9.999581581721536105e-01
1.267672726412989448e+00,0.000000000000000000e+00,2.490457638812483943e+00,-9.147781422501959428e-03,0.000000000000000000e+00,-9.999581581721536105e-01
1.770164263182849140e+00,0.000000000000000000e+00,2.485860763725799671e+00,-9.147781422501959428e-03,0.000000000000000000e+00,-9.999581581721536105e-01
2.272655799952815414e+00,0.000000000000000000e+00,2.481263888639115400e+00,-9.147781422501959428e-03,0.000000000000000000e+00,-9.999581581721536105e-01
2.775147336722731950e+00,0.000000000000000000e+00,2.476667013552431129e+00,-9.147781422501959428e-03,0.000000000000000000e+00,-9.999581581721536105e-01
3.277638873492648486e+00,0.000000000000000000e+00,2.472070138465746858e+00,-9.147781422501959428e-03,0.000000000000000000e+00,-9.999581581721536105e-01
3.780130410262501073e+00,0.000000000000000000e+00,2.467473263379062587e+00,-9.147781422501959428e-03,0.000000000000000000e+00,-9.999581581721536105e-01
4.282621947032531295e+00,0.000000000000000000e+00,2.462876388292377428e+00,-9.147781422501959428e-03,0.000000000000000000e+00,-9.999581581721536105e-01
4.785113483802440726e+00,0.000000000000000000e+00,2.458279513205693600e+00,-9.147781422501959428e-03,0.000000000000000000e+00,-9.999581581721536105e-01
5.287605020572357262e+00,0.000000000000000000e+00,2.453682638119008885e+00,-9.147781422501959428e-03,0.000000000000000000e+00,-9.999581581721536105e-01
5.790096557342266692e+00,0.000000000000000000e+00,2.449085763032324614e+00,-9.147781422501959428e-03,0.000000000000000000e+00,-9.999581581721536105e-01
6.292588094112240071e+00,0.000000000000000000e+00,2.444488887945639899e+00,-9.147781422501959428e-03,0.000000000000000000e+00,-9.999581581721536105e-01
6.795079630882156607e+00,0.000000000000000000e+00,2.439892012858955628e+00,-9.147781422501959428e-03,0.000000000000000000e+00,-9.999581581721536105e-01
7.297571167652009194e+00,0.000000000000000000e+00,2.435295137772271801e+00,-9.147781422501959428e-03,0.000000000000000000e+00,-9.999581581721536105e-01
7.800062704421982573e+00,0.000000000000000000e+00,2.430698262685586641e+00,-9.147781422501959428e-03,0.000000000000000000e+00,-9.999581581721536105e-01
8.302554241191948847e+00,0.000000000000000000e+00,2.426101387598902370e+00,-9.147781422501959428e-03,0.000000000000000000e+00,-9.999581581721536105e-01
8.805045777961808540e+00,0.000000000000000000e+00,2.421504512512218543e+00,-9.147781422501959428e-03,0.000000000000000000e+00,-9.999581581721536105e-01
9.307537314731774813e+00,0.000000000000000000e+00,2.416907637425533828e+00,-9.147781422501959428e-03,0.000000000000000000e+00,-9.999581581721536105e-01
9.810028851501634506e+00,0.000000000000000000e+00,2.412310762338849557e+00,-9.147781422501959428e-03,0.000000000000000000e+00,-9.999581581721536105e-01
1.031252038827166473e+01,0.000000000000000000e+00,2.407713887252164842e+00,-9.147781422501959428e-03,0.000000000000000000e+00,-9.999581581721536105e-01
1.081501192504151732e+01,0.000000000000000000e+00,2.403117012165480570e+00,-9.147781422501959428e-03,0.000000000000000000e+00,-9.999581581721536105e-01
1.131750346181149069e+01,0.000000000000000000e+00,2.398520137078795855e+00,-9.147781422501959428e-03,0.000000000000000000e+00,-9.999581581721536105e-01
1.181999499858140013e+01,0.000000000000000000e+00,2.393923261992112028e+00,-9.147781422501959428e-03,0.000000000000000000e+00,-9.999581581721536105e-01
1.232248653535131666e+01,0.000000000000000000e+00,2.389326386905427313e+00,-9.147781422501959428e-03,0.000000000000000000e+00,-9.999581581721536105e-01
1.282497807212129004e+01,0.000000000000000000e+00,2.384729511818742598e+00,-9.147781422501959428e-03,0.000000000000000000e+00,-9.999581581721536105e-01
1.332746960889114263e+01,0.000000000000000000e+00,2.380132636732058771e+00,-9.147781422501959428e-03,0.000000000000000000e+00,-9.999581581721536105e-01
1.382996114566111601e+01,0.000000000000000000e+00,2.375535761645374055e+00,-9.147781422501959428e-03,0.000000000000000000e+00,-9.999581581721536105e-01
1.433245268243103254e+01,0.000000000000000000e+00,2.370938886558689340e+00,-9.147781422501959428e-03,0.000000000000000000e+00,-9.999581581721536105e-01
1.483494421920099882e+01,0.000000000000000000e+00,2.366342011472005069e+00,-9.147781422501959428e-03,0.000000000000000000e+00,-9.999581581721536105e-01
1.533743575597090825e+01,0.000000000000000000e+00,2.361745136385320798e+00,-9.147781422501959428e-03,0.000000000000000000e+00,-9.999581581721536105e-01
1.583992729274076083e+01,0.000000000000000000e+00,2.357148261298636527e+00,-9.147781422501959428e-03,0.000000000000000000e+00,-9.999581581721536105e-01
1.634241882951079816e+01,0.000000000000000000e+00,2.352551386211951812e+00,-9.147781422501959428e-03,0.000000000000000000e+00,-9.999581581721536105e-01
1.684491036628065075e+01,0.000000000000000000e+00,2.347954511125267985e+00,-9.147781422501959428e-03,0.000000000000000000e+00,-9.999581581721536105e-01
1.734740190305056018e+01,0.000000000000000000e+00,2.343357636038583713e+00,-9.147781422501959428e-03,0.000000000000000000e+00,-9.999581581721536105e-01
1.784989343982054066e+01,0.000000000000000000e+00,2.338760760951898554e+00,-9.147781422501959428e-03,0.000000000000000000e+00,-9.999581581721536105e-01
1.835238497659042167e+01,0.000000000000000000e+00,2.334163885865214283e+00,-9.147781422501959428e-03,0.000000000000000000e+00,-9.999581581721536105e-01
1.885487651336038795e+01,0.000000000000000000e+00,2.329567010778530012e+00,-9.147781422501959428e-03,0.000000000000000000e+00,-9.999581581721536105e-01
1.935736805013026895e+01,0.000000000000000000e+00,2.324970135691845741e+00,-9.147781422501959428e-03,0.000000000000000000e+00,-9.999581581721536105e-01
1.985985958690022102e+01,0.000000000000000000e+00,2.320373260605161025e+00,-9.147781422501959428e-03,0.000000000000000000e+00,-9.999581581721536105e-01
2.036235112367015887e+01,0.000000000000000000e+00,2.315776385518477198e+00,-9.147781422501959428e-03,0.000000000000000000e+00,-9.999581581721536105e-01
2.086484266044006830e+01,0.000000000000000000e+00,2.311179510431792483e+00,-9.147781422501959428e-03,0.000000000000000000e+00,-9.999581581721536105e-01
2.136733419721002036e+01,0.000000000000000000e+00,2.306582635345107768e+00,-9.147781422501959428e-03,0.000000000000000000e+00,-9.999581581721536105e-01
2.186982573397992979e+01,0.000000000000000000e+00,2.301985760258423497e+00,-9.147781422501959428e-03,0.000000000000000000e+00,-9.999581581721536105e-01
2.237231727074983922e+01,0.000000000000000000e+00,2.297388885171739226e+00,-9.147781422501959428e-03,0.000000000000000000e+00,-9.999581581721536105e-01
2.287480880751979129e+01,0.000000000000000000e+00,2.292792010085054955e+00,-9.147781422501959428e-03,0.000000000000000000e+00,-9.999581581721536105e-01
2.337730034428967230e+01,0.000000000000000000e+00,2.288195134998370683e+00,-9.147781422501959428e-03,0.000000000000000000e+00,-9.999581581721536105e-01
2.387979188105966699e+01,0.000000000000000000e+00,2.283598259911685968e+00,-9.147781422501959428e-03,0.000000000000000000e+00,-9.999581581721536105e-01
2.438228341782954800e+01,0.000000000000000000e+00,2.279001384825001697e+00,-9.147781422501959428e-03,0.000000000000000000e+00,-9.999581581721536105e-01
2.488477495459950006e+01,0.000000000000000000e+00,2.274404509738317426e+00,-9.147781422501959428e-03,0.000000000000000000e+00,-9.999581581721536105e-01
2.538726649136940949e+01,0.000000000000000000e+00,2.269807634651632711e+00,-9.147781422501959428e-03,0.000000000000000000e+00,-9.999581581721536105e-01
2.588975802813931892e+01,0.000000000000000000e+00,2.265210759564948440e+00,-9.147781422501959428e-03,0.000000000000000000e+00,-9.999581581721536105e-01
2.639224956490927099e+01,0.000000000000000000e+00,2.260613884478264168e+00,-9.147781422501959428e-03,0.000000000000000000e+00,-9.999581581721536105e-01
2.689474110167918042e+01,0.000000000000000000e+00,2.256017009391579897e+00,-9.147781422501959428e-03,0.000000000000000000e+00,-9.999581581721536105e-01
2.739723263844911827e+01,0.000000000000000000e+00,2.251420134304895626e+00,-9.147781422501959428e-03,0.000000000000000000e+00,-9.999581581721536105e-01
2.789972417521905612e+01,0.000000000000000000e+00,2.246823259218210911e+00,-9.147781422501959428e-03,0.000000000000000000e+00,-9.999581581721536105e-01
2.840221571198897976e+01,0.000000000000000000e+00,2.242226384131526196e+00,-9.147781422501959428e-03,0.000000000000000000e+00,-9.999581581721536105e-01
2.890470724875891761e+01,0.000000000000000000e+00,2.237629509044841924e+00,-9.147781422501959428e-03,0.000000000000000000e+00,-9.999581581721536105e-01
2.940719878552879862e+01,0.000000000000000000e+00,2.233032633958157653e+00,-9.147781422501959428e-03,0.000000000000000000e+00,-9.999581581721536105e-01
2.990969032229875069e+01,0.000000000000000000e+00,2.228435758871473382e+00,-9.147781422501959428e-03,0.000000000000000000e+00,-9.999581581721536105e-01
3.041218185906868854e+01,0.000000000000000000e+00,2.223838883784789111e+00,-9.147781422501959428e-03,0.000000000000000000e+00,-9.999581581721536105e-01
3.091467339583862639e+01,0.000000000000000000e+00,2.219242008698104396e+00,-9.147781422501959428e-03,0.000000000000000000e+00,-9.999581581721536105e-01
3.141716493260853582e+01,0.000000000000000000e+00,2.214645133611420125e+00,-9.147781422501959428e-03,0.000000000000000000e+00,-9.999581581721536105e-01
3.191965646937845946e+01,0.000000000000000000e+00,2.210048258524735854e+00,-9.147781422501959428e-03,0.000000000000000000e+00,-9.999581581721536105e-01
3.242214800614836889e+01,0.000000000000000000e+00,2.205451383438051582e+00,-9.147781422501959428e-03,0.000000000000000000e+00,-9.999581581721536105e-01
3.292463954291830674e+01,0.000000000000000000e+00,2.200854508351366867e+00,-9.147781422501959428e-03,0.000000000000000000e+00,-9.999581581721536105e-01
3.342713107968823039e+01,0.000000000000000000e+00,2.196257633264682596e+00,-9.147781422501959428e-03,0.000000000000000000e+00,-9.999581581721536105e-01
3.392962261645819666e+01,0.000000000000000000e+00,2.191660758177997881e+00,-9.147781422501959428e-03,0.000000000000000000e+00,-9.999581581721536105e-01
3.443211415322807767e+01,0.000000000000000000e+00,2.187063883091314054e+00,-9.147781422501959428e-03,0.000000000000000000e+00,-9.999581581721536105e-01
3.493460568999804394e+01,0.000000000000000000e+00,2.182467008004628894e+00,-9.147781422501959428e-03,0.000000000000000000e+00,-9.999581581721536105e-01
3.543709722676793916e+01,0.000000000000000000e+00,2.177870132917944623e+00,-9.147781422501959428e-03,0.000000000000000000e+00,-9.999581581721536105e-01
3.593958876353787701e+01,0.000000000000000000e+00,2.173273257831260352e+00,-9.147781422501959428e-03,0.000000000000000000e+00,-9.999581581721536105e-01
3.644208030030778644e+01,0.000000000000000000e+00,2.168676382744576081e+00,-9.147781422501959428e-03,0.000000000000000000e+00,-9.999581581721536105e-01
3.694457183707771009e+01,0.000000000000000000e+00,2.164079507657891810e+00,-9.147781422501959428e-03,0.000000000000000000e+00,-9.999581581721536105e-01
3.744706337384767636e+01,0.000000000000000000e+00,2.159482632571207095e+00,-9.147781422501959428e-03,0.000000000000000000e+00,-9.999581581721536105e-01
3.794955491061758579e+01,0.000000000000000000e+00,2.154885757484522824e+00,-9.147781422501959428e-03,0.000000000000000000e+00,-9.999581581721536105e-01
3.845204644738749522e+01,0.000000000000000000e+00,2.150288882397838552e+00,-9.147781422501959428e-03,0.000000000000000000e+00,-9.999581581721536105e-01
3.895453798415744728e+01,0.000000000000000000e+00,2.145692007311153837e+00,-9.147781422501959428e-03,0.000000000000000000e+00,-9.999581581721536105e-01
3.945702952092732829e+01,0.000000000000000000e+00,2.141095132224470010e+00,-9.147781422501959428e-03,0.000000000000000000e+00,-9.999581581721536105e-01
3.995952105769729457e+01,0.000000000000000000e+00,2.136498257137785295e+00,-9.147781422501959428e-03,0.000000000000000000e+00,-9.999581581721536105e-01
4.046201259446718979e+01,0.000000000000000000e+00,2.131901382051101024e+00,-9.147781422501959428e-03,0.000000000000000000e+00,-9.999581581721536105e-01
4.096450413123715606e+01,0.000000000000000000e+00,2.127304506964416309e+00,-9.147781422501959428e-03,0.000000000000000000e+00,-9.999581581721536105e-01
4.146699566800706549e+01,0.000000000000000000e+00,2.122707631877732037e+00,-9.147781422501959428e-03,0.000000000000000000e+00,-9.999581581721536105e-01
4.196948720477697492e+01,0.000000000000000000e+00,2.118110756791047766e+00,-9.147781422501959428e-03,0.000000000000000000e+00,-9.999581581721536105e-01
4.247197874154692698e+01,0.000000000000000000e+00,2.113513881704363051e+00,-9.147781422501959428e-03,0.000000000000000000e+00,-9.999581581721536105e-01
4.297447027831683641e+01,0.000000000000000000e+00,2.108917006617678780e+00,-9.147781422501959428e-03,0.000000000000000000e+00,-9.999581581721536105e-01
4.347696181508674584e+01,0.000000000000000000e+00,2.104320131530994509e+00,-9.147781422501959428e-03,0.000000000000000000e+00,-9.999581581721536105e-01
4.397945335185669791e+01,0.000000000000000000e+00,2.099723256444309794e+00,-9.147781422501959428e-03,0.000000000000000000e+00,-9.999581581721536105e-01
4.448194488862663576e+01,0.000000000000000000e+00,2.095126381357625522e+00,-9.147781422501959428e-03,0.000000000000000000e+00,-9.999581581721536105e-01
4.498443642539657361e+01,0.000000000000000000e+00,2.090529506270940807e+00,-9.147781422501959428e-03,0.000000000000000000e+00,-9.999581581721536105e-01
4.548692796216645462e+01,0.000000000000000000e+00,2.085932631184256980e+00,-9.147781422501959428e-03,0.000000000000000000e+00,-9.999581581721536105e-01
4.598941949893640668e+01,0.000000000000000000e+00,2.081335756097572265e+00,-9.147781422501959428e-03,0.000000000000000000e+00,-9.999581581721536105e-01
4.649191103570631611e+01,0.000000000000000000e+00,2.076738881010887994e+00,-9.147781422501959428e-03,0.000000000000000000e+00,-9.999581581721536105e-01
4.699440257247625397e+01,0.000000000000000000e+00,2.072142005924203723e+00,-9.147781422501959428e-03,0.000000000000000000e+00,-9.999581581721536105e-01
4.749689410924617761e+01,0.000000000000000000e+00,2.067545130837519007e+00,-9.147781422501959428e-03,0.000000000000000000e+00,-9.999581581721536105e-01
4.799938564601608704e+01,0.000000000000000000e+00,2.062948255750835180e+00,-9.147781422501959428e-03,0.000000000000000000e+00,-9.999581581721536105e-01
4.850187718278602489e+01,0.000000000000000000e+00,2.058351380664150465e+00,-9.147781422501959428e-03,0.000000000000000000e+00,-9.999581581721536105e-01
4.900436871955593432e+01,0.000000000000000000e+00,2.053754505577466194e+00,-9.147781422501959428e-03,0.000000000000000000e+00,-9.999581581721536105e-01
4.950686025632588638e+01,0.000000000000000000e+00,2.049157630490781479e+00,-9.147781422501959428e-03,0.000000000000000000e+00,-9.999581581721536105e-01
5.000935179309579581e+01,0.000000000000000000e+00,2.044560755404097208e+00,-9.147781422501959428e-03,0.000000000000000000e+00,-9.999581581721536105e-01
